volunteer_id,data_type,file_name,frame_index,time,label_width,label_height,yaw,pitch,roll
002,face_rgb,002_face_rgb.mp4,0,0.000,564,709,-0.5,-4.5,-0.5
002,face_rgb,002_face_rgb.mp4,6,0.200,561,710,0.2,-4.8,-1.2
002,face_rgb,002_face_rgb.mp4,12,0.400,560,705,0.0,-4.6,-0.6
002,face_rgb,002_face_rgb.mp4,18,0.600,558,702,-0.5,-5.7,-0.4
002,face_rgb,002_face_rgb.mp4,24,0.800,558,693,1.5,-6.0,-0.6
002,face_rgb,002_face_rgb.mp4,30,1.000,555,667,5.0,-11.1,-0.4
002,face_rgb,002_face_rgb.mp4,36,1.200,555,652,6.5,-11.9,-0.3
002,face_rgb,002_face_rgb.mp4,42,1.400,555,650,6.3,-12.8,0.1
002,face_rgb,002_face_rgb.mp4,48,1.600,554,666,4.5,-10.7,-0.0
002,face_rgb,002_face_rgb.mp4,54,1.800,549,681,3.7,-8.2,-0.0
002,face_rgb,002_face_rgb.mp4,60,2.000,553,685,3.4,-7.8,-0.3
002,face_rgb,002_face_rgb.mp4,66,2.200,552,690,2.8,-7.7,0.2
002,face_rgb,002_face_rgb.mp4,72,2.400,554,690,1.9,-7.4,0.2
002,face_rgb,002_face_rgb.mp4,78,2.600,555,693,1.9,-7.4,0.4
002,face_rgb,002_face_rgb.mp4,84,2.800,560,697,1.4,-7.5,0.5
002,face_rgb,002_face_rgb.mp4,90,3.000,564,702,1.2,-8.4,1.0
002,face_rgb,002_face_rgb.mp4,96,3.200,564,700,0.3,-9.3,1.3
002,face_rgb,002_face_rgb.mp4,102,3.400,568,702,0.3,-8.8,1.0
002,face_rgb,002_face_rgb.mp4,108,3.600,565,687,0.2,-9.4,0.5
002,face_rgb,002_face_rgb.mp4,114,3.800,566,697,-0.1,-9.6,1.4
002,face_rgb,002_face_rgb.mp4,120,4.000,568,697,-0.3,-8.7,1.2
002,face_rgb,002_face_rgb.mp4,126,4.200,567,696,-0.5,-8.7,1.2
002,face_rgb,002_face_rgb.mp4,132,4.400,567,684,-0.9,-10.5,1.4
002,face_rgb,002_face_rgb.mp4,138,4.600,567,688,-0.6,-9.9,1.1
002,face_rgb,002_face_rgb.mp4,144,4.800,565,699,-0.3,-9.0,1.4
002,face_rgb,002_face_rgb.mp4,150,5.000,565,698,-0.6,-9.2,1.1
002,face_rgb,002_face_rgb.mp4,156,5.200,560,690,-1.0,-8.3,1.2
002,face_rgb,002_face_rgb.mp4,162,5.400,559,691,-1.0,-8.2,0.9
002,face_rgb,002_face_rgb.mp4,168,5.600,559,693,-0.6,-7.0,0.4
002,face_rgb,002_face_rgb.mp4,174,5.800,561,696,-0.2,-7.1,0.8
002,face_rgb,002_face_rgb.mp4,180,6.000,561,696,-0.2,-6.9,0.9
002,face_rgb,002_face_rgb.mp4,186,6.200,560,688,-0.5,-6.5,0.6
002,face_rgb,002_face_rgb.mp4,192,6.400,561,697,-0.6,-7.0,0.9
002,face_rgb,002_face_rgb.mp4,198,6.600,560,696,-0.1,-6.2,0.8
002,face_rgb,002_face_rgb.mp4,204,6.800,559,697,0.1,-5.9,1.0
002,face_rgb,002_face_rgb.mp4,210,7.000,558,692,-0.2,-5.6,1.0
002,face_rgb,002_face_rgb.mp4,216,7.200,558,697,0.3,-5.2,1.1
002,face_rgb,002_face_rgb.mp4,222,7.400,558,700,0.0,-5.7,0.9
002,face_rgb,002_face_rgb.mp4,228,7.600,556,698,-0.4,-5.6,0.8
002,face_rgb,002_face_rgb.mp4,234,7.800,559,701,-0.4,-5.6,1.4
002,face_rgb,002_face_rgb.mp4,240,8.000,557,700,-0.3,-5.5,1.4
002,face_rgb,002_face_rgb.mp4,246,8.200,557,700,0.1,-5.6,1.2
002,face_rgb,002_face_rgb.mp4,252,8.400,556,700,-0.2,-5.9,1.3
002,face_rgb,002_face_rgb.mp4,258,8.600,557,701,0.1,-6.0,1.2
002,face_rgb,002_face_rgb.mp4,264,8.800,556,692,0.3,-5.7,0.6
002,face_rgb,002_face_rgb.mp4,270,9.000,558,701,0.3,-4.7,0.9
002,face_rgb,002_face_rgb.mp4,276,9.200,558,699,0.2,-5.3,1.1
002,face_rgb,002_face_rgb.mp4,282,9.400,556,702,-0.0,-5.6,0.8
002,face_rgb,002_face_rgb.mp4,288,9.600,559,699,-0.0,-5.5,0.5
002,face_rgb,002_face_rgb.mp4,294,9.800,559,697,-0.1,-5.2,0.2
002,face_rgb,002_face_rgb.mp4,300,10.000,557,687,-8.3,-4.5,3.1
002,face_rgb,002_face_rgb.mp4,306,10.200,560,667,-29.6,-1.7,5.3
002,face_rgb,002_face_rgb.mp4,312,10.400,512,644,-47.1,2.1,4.7
002,face_rgb,002_face_rgb.mp4,318,10.600,536,608,-62.3,4.3,6.0
002,face_rgb,002_face_rgb.mp4,324,10.800,500,608,-67.7,6.2,5.6
002,face_rgb,002_face_rgb.mp4,330,11.000,,,,,
002,face_rgb,002_face_rgb.mp4,336,11.200,505,580,-68.7,6.6,7.9
002,face_rgb,002_face_rgb.mp4,342,11.400,,,,,
002,face_rgb,002_face_rgb.mp4,348,11.600,509,582,-68.7,6.4,9.6
002,face_rgb,002_face_rgb.mp4,354,11.800,500,584,-72.3,5.6,9.2
002,face_rgb,002_face_rgb.mp4,360,12.000,504,573,-69.8,4.3,10.4
002,face_rgb,002_face_rgb.mp4,366,12.200,506,583,-71.4,5.2,8.6
002,face_rgb,002_face_rgb.mp4,372,12.400,499,576,-71.4,5.3,12.3
002,face_rgb,002_face_rgb.mp4,378,12.600,505,576,-70.0,5.8,12.7
002,face_rgb,002_face_rgb.mp4,384,12.800,516,561,-73.3,4.0,12.2
002,face_rgb,002_face_rgb.mp4,390,13.000,506,573,-70.8,3.9,8.6
002,face_rgb,002_face_rgb.mp4,396,13.200,512,583,-72.0,5.2,7.9
002,face_rgb,002_face_rgb.mp4,402,13.400,498,588,-70.2,5.1,6.0
002,face_rgb,002_face_rgb.mp4,408,13.600,506,565,-70.2,5.1,6.3
002,face_rgb,002_face_rgb.mp4,414,13.800,497,589,-80.1,9.4,10.5
002,face_rgb,002_face_rgb.mp4,420,14.000,497,582,-77.9,7.4,9.1
002,face_rgb,002_face_rgb.mp4,426,14.200,488,601,-77.6,8.3,6.6
002,face_rgb,002_face_rgb.mp4,432,14.400,501,576,-71.7,4.0,6.4
002,face_rgb,002_face_rgb.mp4,438,14.600,496,567,-66.2,2.9,8.5
002,face_rgb,002_face_rgb.mp4,444,14.800,519,629,-50.8,1.4,-0.1
002,face_rgb,002_face_rgb.mp4,450,15.000,546,674,-25.1,2.2,0.8
002,face_rgb,002_face_rgb.mp4,456,15.200,546,679,-9.5,1.7,0.1
002,face_rgb,002_face_rgb.mp4,462,15.400,541,684,2.5,0.6,0.9
002,face_rgb,002_face_rgb.mp4,468,15.600,546,688,10.2,-0.6,-0.0
002,face_rgb,002_face_rgb.mp4,474,15.800,554,689,13.0,-0.2,-0.3
002,face_rgb,002_face_rgb.mp4,480,16.000,549,680,12.2,-0.6,0.3
002,face_rgb,002_face_rgb.mp4,486,16.200,547,681,10.1,-0.7,0.7
002,face_rgb,002_face_rgb.mp4,492,16.400,549,689,8.6,-1.4,1.3
002,face_rgb,002_face_rgb.mp4,498,16.600,545,690,5.4,-1.8,1.8
002,face_rgb,002_face_rgb.mp4,504,16.800,544,690,4.6,-2.1,1.5
002,face_rgb,002_face_rgb.mp4,510,17.000,544,690,4.6,-2.4,1.4
002,face_rgb,002_face_rgb.mp4,516,17.200,543,689,4.4,-2.1,1.7
002,face_rgb,002_face_rgb.mp4,522,17.400,544,689,4.1,-2.1,1.9
002,face_rgb,002_face_rgb.mp4,528,17.600,546,692,4.2,-1.7,1.7
002,face_rgb,002_face_rgb.mp4,534,17.800,544,690,4.7,-1.6,2.1
002,face_rgb,002_face_rgb.mp4,540,18.000,544,690,4.6,-1.7,2.1
002,face_rgb,002_face_rgb.mp4,546,18.200,545,691,4.5,-1.8,2.2
002,face_rgb,002_face_rgb.mp4,552,18.400,541,688,3.8,-2.5,1.8
002,face_rgb,002_face_rgb.mp4,558,18.600,542,690,3.3,-2.3,1.8
002,face_rgb,002_face_rgb.mp4,564,18.800,544,690,3.9,-2.0,2.0
002,face_rgb,002_face_rgb.mp4,570,19.000,548,688,8.1,-2.0,0.7
002,face_rgb,002_face_rgb.mp4,576,19.200,548,677,25.2,0.4,-1.9
002,face_rgb,002_face_rgb.mp4,582,19.400,534,654,40.5,-2.9,-2.4
002,face_rgb,002_face_rgb.mp4,588,19.600,505,619,63.3,-1.9,-8.5
002,face_rgb,002_face_rgb.mp4,594,19.800,492,591,76.5,-3.4,-7.8
002,face_rgb,002_face_rgb.mp4,600,20.000,,,,,
002,face_rgb,002_face_rgb.mp4,606,20.200,,,,,
002,face_rgb,002_face_rgb.mp4,612,20.400,,,,,
002,face_rgb,002_face_rgb.mp4,618,20.600,,,,,
002,face_rgb,002_face_rgb.mp4,624,20.800,,,,,
002,face_rgb,002_face_rgb.mp4,630,21.000,,,,,
002,face_rgb,002_face_rgb.mp4,636,21.200,,,,,
002,face_rgb,002_face_rgb.mp4,642,21.400,,,,,
002,face_rgb,002_face_rgb.mp4,648,21.600,,,,,
002,face_rgb,002_face_rgb.mp4,654,21.800,,,,,
002,face_rgb,002_face_rgb.mp4,660,22.000,,,,,
002,face_rgb,002_face_rgb.mp4,666,22.200,,,,,
002,face_rgb,002_face_rgb.mp4,672,22.400,,,,,
002,face_rgb,002_face_rgb.mp4,678,22.600,,,,,
002,face_rgb,002_face_rgb.mp4,684,22.800,,,,,
002,face_rgb,002_face_rgb.mp4,690,23.000,,,,,
002,face_rgb,002_face_rgb.mp4,696,23.200,,,,,
002,face_rgb,002_face_rgb.mp4,702,23.400,,,,,
002,face_rgb,002_face_rgb.mp4,708,23.600,,,,,
002,face_rgb,002_face_rgb.mp4,714,23.800,523,590,74.6,-7.5,-0.2
002,face_rgb,002_face_rgb.mp4,720,24.000,530,651,45.7,-3.2,5.6
002,face_rgb,002_face_rgb.mp4,726,24.200,544,667,27.3,0.9,7.7
002,face_rgb,002_face_rgb.mp4,732,24.400,540,669,12.8,1.8,7.3
002,face_rgb,002_face_rgb.mp4,738,24.600,533,674,3.2,1.6,6.0
002,face_rgb,002_face_rgb.mp4,744,24.800,533,675,-1.0,0.4,3.9
002,face_rgb,002_face_rgb.mp4,750,25.000,537,679,-3.9,-0.5,3.0
002,face_rgb,002_face_rgb.mp4,756,25.200,540,686,-1.5,-0.7,1.7
002,face_rgb,002_face_rgb.mp4,762,25.400,537,684,-0.8,-0.8,1.7
002,face_rgb,002_face_rgb.mp4,768,25.600,534,677,-0.3,-1.5,1.4
002,face_rgb,002_face_rgb.mp4,774,25.800,536,684,-0.1,-0.9,1.8
002,face_rgb,002_face_rgb.mp4,780,26.000,536,685,0.0,-1.2,1.7
002,face_rgb,002_face_rgb.mp4,786,26.200,537,687,-0.1,-0.4,1.8
002,face_rgb,002_face_rgb.mp4,792,26.400,535,688,0.3,-0.8,2.1
002,face_rgb,002_face_rgb.mp4,798,26.600,533,688,0.8,-1.0,1.9
002,face_rgb,002_face_rgb.mp4,804,26.800,531,680,0.2,-0.6,1.6
002,face_rgb,002_face_rgb.mp4,810,27.000,532,680,-0.1,0.1,1.6
002,face_rgb,002_face_rgb.mp4,816,27.200,532,678,0.3,-0.2,1.8
002,face_rgb,002_face_rgb.mp4,822,27.400,530,678,0.5,0.1,1.6
002,face_rgb,002_face_rgb.mp4,828,27.600,531,678,0.7,0.6,2.0
002,face_rgb,002_face_rgb.mp4,834,27.800,532,678,0.6,0.9,1.8
002,face_rgb,002_face_rgb.mp4,840,28.000,531,679,0.1,2.0,2.1
002,face_rgb,002_face_rgb.mp4,846,28.200,528,657,0.7,7.0,2.4
002,face_rgb,002_face_rgb.mp4,852,28.400,533,607,2.1,14.9,3.9
002,face_rgb,002_face_rgb.mp4,858,28.600,524,591,0.2,19.8,4.0
002,face_rgb,002_face_rgb.mp4,864,28.800,516,557,-1.7,24.5,3.7
002,face_rgb,002_face_rgb.mp4,870,29.000,508,528,-3.0,27.3,2.8
002,face_rgb,002_face_rgb.mp4,876,29.200,506,512,-3.6,28.4,3.2
002,face_rgb,002_face_rgb.mp4,882,29.400,501,488,-1.4,31.2,3.0
002,face_rgb,002_face_rgb.mp4,888,29.600,497,482,0.3,31.8,3.2
002,face_rgb,002_face_rgb.mp4,894,29.800,492,480,-0.1,30.7,2.5
002,face_rgb,002_face_rgb.mp4,900,30.000,484,475,0.7,32.2,3.7
002,face_rgb,002_face_rgb.mp4,906,30.200,492,476,0.6,30.8,3.3
002,face_rgb,002_face_rgb.mp4,912,30.400,487,484,0.3,32.2,3.6
002,face_rgb,002_face_rgb.mp4,918,30.600,499,476,-1.3,30.1,0.4
002,face_rgb,002_face_rgb.mp4,924,30.800,492,483,0.3,29.2,3.2
002,face_rgb,002_face_rgb.mp4,930,31.000,489,484,1.0,29.2,3.9
002,face_rgb,002_face_rgb.mp4,936,31.200,493,489,0.4,28.9,3.5
002,face_rgb,002_face_rgb.mp4,942,31.400,495,495,0.9,29.3,4.1
002,face_rgb,002_face_rgb.mp4,948,31.600,494,493,1.1,28.7,4.2
002,face_rgb,002_face_rgb.mp4,954,31.800,494,495,0.3,30.0,3.6
002,face_rgb,002_face_rgb.mp4,960,32.000,494,500,-0.0,28.6,3.7
002,face_rgb,002_face_rgb.mp4,966,32.200,499,508,1.1,31.6,3.9
002,face_rgb,002_face_rgb.mp4,972,32.400,500,544,1.5,25.3,3.9
002,face_rgb,002_face_rgb.mp4,978,32.600,512,582,4.2,17.6,4.3
002,face_rgb,002_face_rgb.mp4,984,32.800,524,630,3.2,9.5,3.9
002,face_rgb,002_face_rgb.mp4,990,33.000,528,661,3.8,4.8,3.3
002,face_rgb,002_face_rgb.mp4,996,33.200,533,675,3.3,-0.4,3.1
002,face_rgb,002_face_rgb.mp4,1002,33.400,540,677,2.9,-3.8,3.5
002,face_rgb,002_face_rgb.mp4,1008,33.600,543,686,2.3,-4.6,3.7
002,face_rgb,002_face_rgb.mp4,1014,33.800,545,681,1.1,-5.2,3.0
002,face_rgb,002_face_rgb.mp4,1020,34.000,545,681,1.0,-5.0,3.0
002,face_rgb,002_face_rgb.mp4,1026,34.200,546,680,0.9,-4.8,3.0
002,face_rgb,002_face_rgb.mp4,1032,34.400,544,679,0.9,-5.2,2.7
002,face_rgb,002_face_rgb.mp4,1038,34.600,544,677,1.0,-5.0,2.4
002,face_rgb,002_face_rgb.mp4,1044,34.800,545,677,0.9,-4.8,2.1
002,face_rgb,002_face_rgb.mp4,1050,35.000,545,684,1.0,-4.3,1.4
002,face_rgb,002_face_rgb.mp4,1056,35.200,544,680,1.2,-4.3,1.3
002,face_rgb,002_face_rgb.mp4,1062,35.400,543,680,1.5,-4.4,1.1
002,face_rgb,002_face_rgb.mp4,1068,35.600,542,679,1.5,-4.2,0.8
002,face_rgb,002_face_rgb.mp4,1074,35.800,543,679,1.3,-3.7,0.5
002,face_rgb,002_face_rgb.mp4,1080,36.000,543,676,1.4,-3.6,0.9
002,face_rgb,002_face_rgb.mp4,1086,36.200,543,667,1.0,-4.4,0.5
002,face_rgb,002_face_rgb.mp4,1092,36.400,543,688,1.4,-3.9,1.4
002,face_rgb,002_face_rgb.mp4,1098,36.600,544,681,1.3,-3.3,1.1
002,face_rgb,002_face_rgb.mp4,1104,36.800,543,679,1.7,-3.7,0.6
002,face_rgb,002_face_rgb.mp4,1110,37.000,541,674,0.6,-8.1,1.8
002,face_rgb,002_face_rgb.mp4,1116,37.200,564,642,0.8,-17.2,1.7
002,face_rgb,002_face_rgb.mp4,1122,37.400,576,630,-0.2,-21.4,2.3
002,face_rgb,002_face_rgb.mp4,1128,37.600,589,620,0.4,-25.0,1.5
002,face_rgb,002_face_rgb.mp4,1134,37.800,593,625,1.0,-25.3,0.9
002,face_rgb,002_face_rgb.mp4,1140,38.000,595,621,1.5,-26.9,0.3
002,face_rgb,002_face_rgb.mp4,1146,38.200,597,613,1.4,-29.4,0.4
002,face_rgb,002_face_rgb.mp4,1152,38.400,594,625,1.2,-31.7,0.6
002,face_rgb,002_face_rgb.mp4,1158,38.600,596,636,0.3,-32.2,1.1
002,face_rgb,002_face_rgb.mp4,1164,38.800,596,633,0.8,-31.7,0.5
002,face_rgb,002_face_rgb.mp4,1170,39.000,594,632,-0.2,-31.3,1.6
002,face_rgb,002_face_rgb.mp4,1176,39.200,597,626,1.3,-32.5,0.7
002,face_rgb,002_face_rgb.mp4,1182,39.400,595,618,1.3,-30.2,0.5
002,face_rgb,002_face_rgb.mp4,1188,39.600,592,637,1.1,-29.2,0.7
002,face_rgb,002_face_rgb.mp4,1194,39.800,595,637,1.1,-29.2,0.7
002,face_rgb,002_face_rgb.mp4,1200,40.000,600,633,1.3,-29.3,0.4
002,face_rgb,002_face_rgb.mp4,1206,40.200,594,636,0.5,-29.0,0.9
002,face_rgb,002_face_rgb.mp4,1212,40.400,595,628,0.7,-29.3,0.8
002,face_rgb,002_face_rgb.mp4,1218,40.600,596,629,0.8,-29.5,0.6
002,face_rgb,002_face_rgb.mp4,1224,40.800,594,629,0.7,-29.3,0.3
002,face_rgb,002_face_rgb.mp4,1230,41.000,595,632,0.8,-29.4,0.5
002,face_rgb,002_face_rgb.mp4,1236,41.200,596,637,1.8,-24.7,0.3
002,face_rgb,002_face_rgb.mp4,1242,41.400,581,698,1.1,-13.1,2.6
002,face_rgb,002_face_rgb.mp4,1248,41.600,564,711,2.0,-4.6,2.0
002,face_rgb,002_face_rgb.mp4,1254,41.800,549,701,3.5,1.6,1.7
002,face_rgb,002_face_rgb.mp4,1260,42.000,540,688,2.9,5.4,1.3
002,face_rgb,002_face_rgb.mp4,1266,42.200,540,679,2.5,5.5,1.8
002,face_rgb,002_face_rgb.mp4,1272,42.400,532,668,2.4,4.6,1.6
002,face_rgb,002_face_rgb.mp4,1278,42.600,535,676,2.9,4.8,1.5
002,face_rgb,002_face_rgb.mp4,1284,42.800,536,678,2.8,5.2,1.5
002,face_rgb,002_face_rgb.mp4,1290,43.000,530,667,2.7,4.1,1.4
002,face_rgb,002_face_rgb.mp4,1296,43.200,536,677,2.8,3.9,1.6
002,face_rgb,002_face_rgb.mp4,1302,43.400,533,685,2.7,3.1,1.2
002,face_rgb,002_face_rgb.mp4,1308,43.600,542,681,3.3,-1.3,1.5
002,face_rgb,002_face_rgb.mp4,1314,43.800,546,692,3.8,-1.4,1.7
002,face_rgb,002_face_rgb.mp4,1320,44.000,545,691,3.8,-1.5,2.0
002,face_rgb,002_face_rgb.mp4,1326,44.200,545,689,2.4,-2.7,2.2
002,face_rgb,002_face_rgb.mp4,1332,44.400,544,687,2.2,-2.4,2.1
002,face_rgb,002_face_rgb.mp4,1338,44.600,545,689,2.6,-2.1,1.9
002,face_rgb,002_face_rgb.mp4,1344,44.800,547,691,2.3,-2.3,1.8
002,face_rgb,002_face_rgb.mp4,1350,45.000,543,690,2.7,-2.0,1.9
002,face_rgb,002_face_rgb.mp4,1356,45.200,545,686,2.4,-2.1,2.0
002,face_rgb,002_face_rgb.mp4,1362,45.400,545,688,2.5,-1.8,2.0
002,face_rgb,002_face_rgb.mp4,1368,45.600,546,690,2.3,-1.7,2.0
002,face_rgb,002_face_rgb.mp4,1374,45.800,545,690,2.4,-2.0,2.0
002,face_rgb,002_face_rgb.mp4,1380,46.000,546,679,1.1,-3.3,1.5
002,face_rgb,002_face_rgb.mp4,1386,46.200,549,680,0.5,-3.1,1.7
002,face_rgb,002_face_rgb.mp4,1392,46.400,545,681,1.9,-2.6,0.9
002,face_rgb,002_face_rgb.mp4,1398,46.600,543,669,0.9,-1.9,0.4
002,face_rgb,002_face_rgb.mp4,1404,46.800,544,676,0.6,-1.5,0.8
002,face_rgb,002_face_rgb.mp4,1410,47.000,546,681,0.4,-1.8,1.4
002,face_rgb,002_face_rgb.mp4,1416,47.200,547,686,1.0,-2.1,1.3
002,face_rgb,002_face_rgb.mp4,1422,47.400,552,688,1.4,-1.9,1.5
002,face_rgb,002_face_rgb.mp4,1428,47.600,547,689,1.2,-2.4,1.6
002,face_rgb,002_face_rgb.mp4,1432,47.733,546,690,1.1,-2.1,1.6
