volunteer_id,data_type,filename,check_name,status,reason,frame_index
103,face_rgb,103_face_rgb.mp4,check_container,PASS,"container ok (.mp4, 3 channels, codec=h264)",,
103,face_rgb,103_face_rgb.mp4,check_fps,PASS,fps=60.00 >= 5,,
103,face_rgb,103_face_rgb.mp4,check_duration,FAIL,duration=14.3 < 40,,
103,face_rgb,103_face_rgb.mp4,check_resolution,PASS,resolution=1080x1080 >= 180x180,,
103,face_rgb,103_face_rgb.mp4,check_face_detected,PASS,frame=0 face ok,0,0
103,face_rgb,103_face_rgb.mp4,check_face_size,PASS,frame=0 face=505x607 >= 180x180,0,0
103,face_rgb,103_face_rgb.mp4,check_head_fully,PASS,frame=0 Head is fully visible,0,0
103,face_rgb,103_face_rgb.mp4,check_eyes_open,FAIL,"frame=0 eye(s) closed (L=0.37, R=0.38 <= 0.37)",0,0
103,face_rgb,103_face_rgb.mp4,check_face_blur,PASS,frame=0 blur variance=366.3 >= 90,0,0
103,face_rgb,103_face_rgb.mp4,check_brightness,PASS,frame=0 brightness=153 status=normal,0,0
103,face_rgb,103_face_rgb.mp4,check_face_detected,PASS,frame=12 face ok,12,12
103,face_rgb,103_face_rgb.mp4,check_face_size,PASS,frame=12 face=506x602 >= 180x180,12,12
103,face_rgb,103_face_rgb.mp4,check_head_fully,PASS,frame=12 Head is fully visible,12,12
103,face_rgb,103_face_rgb.mp4,check_eyes_open,PASS,"frame=12 eyes open (L=0.37, R=0.38 > 0.37)",12,12
103,face_rgb,103_face_rgb.mp4,check_face_blur,PASS,frame=12 blur variance=318.7 >= 90,12,12
103,face_rgb,103_face_rgb.mp4,check_brightness,PASS,frame=12 brightness=154 status=normal,12,12
103,face_rgb,103_face_rgb.mp4,check_face_detected,PASS,frame=24 face ok,24,24
103,face_rgb,103_face_rgb.mp4,check_face_size,PASS,frame=24 face=507x605 >= 180x180,24,24
103,face_rgb,103_face_rgb.mp4,check_head_fully,PASS,frame=24 Head is fully visible,24,24
103,face_rgb,103_face_rgb.mp4,check_eyes_open,PASS,"frame=24 eyes open (L=0.37, R=0.38 > 0.37)",24,24
103,face_rgb,103_face_rgb.mp4,check_face_blur,PASS,frame=24 blur variance=382.9 >= 90,24,24
103,face_rgb,103_face_rgb.mp4,check_brightness,PASS,frame=24 brightness=154 status=normal,24,24
103,face_rgb,103_face_rgb.mp4,check_face_detected,PASS,frame=36 face ok,36,36
103,face_rgb,103_face_rgb.mp4,check_face_size,PASS,frame=36 face=510x612 >= 180x180,36,36
103,face_rgb,103_face_rgb.mp4,check_head_fully,PASS,frame=36 Head is fully visible,36,36
103,face_rgb,103_face_rgb.mp4,check_eyes_open,FAIL,"frame=36 eye(s) closed (L=0.36, R=0.37 <= 0.37)",36,36
103,face_rgb,103_face_rgb.mp4,check_face_blur,PASS,frame=36 blur variance=331.5 >= 90,36,36
103,face_rgb,103_face_rgb.mp4,check_brightness,PASS,frame=36 brightness=154 status=normal,36,36
103,face_rgb,103_face_rgb.mp4,check_face_detected,PASS,frame=48 face ok,48,48
103,face_rgb,103_face_rgb.mp4,check_face_size,PASS,frame=48 face=510x609 >= 180x180,48,48
103,face_rgb,103_face_rgb.mp4,check_head_fully,PASS,frame=48 Head is fully visible,48,48
103,face_rgb,103_face_rgb.mp4,check_eyes_open,FAIL,"frame=48 eye(s) closed (L=0.37, R=0.37 <= 0.37)",48,48
103,face_rgb,103_face_rgb.mp4,check_face_blur,PASS,frame=48 blur variance=359.4 >= 90,48,48
103,face_rgb,103_face_rgb.mp4,check_brightness,PASS,frame=48 brightness=153 status=normal,48,48
103,face_rgb,103_face_rgb.mp4,check_face_detected,PASS,frame=60 face ok,60,60
103,face_rgb,103_face_rgb.mp4,check_face_size,PASS,frame=60 face=510x613 >= 180x180,60,60
103,face_rgb,103_face_rgb.mp4,check_head_fully,PASS,frame=60 Head is fully visible,60,60
103,face_rgb,103_face_rgb.mp4,check_eyes_open,FAIL,"frame=60 eye(s) closed (L=0.36, R=0.37 <= 0.37)",60,60
103,face_rgb,103_face_rgb.mp4,check_face_blur,PASS,frame=60 blur variance=375.4 >= 90,60,60
103,face_rgb,103_face_rgb.mp4,check_brightness,PASS,frame=60 brightness=153 status=normal,60,60
103,face_rgb,103_face_rgb.mp4,check_face_detected,PASS,frame=72 face ok,72,72
103,face_rgb,103_face_rgb.mp4,check_face_size,PASS,frame=72 face=509x613 >= 180x180,72,72
103,face_rgb,103_face_rgb.mp4,check_head_fully,PASS,frame=72 Head is fully visible,72,72
103,face_rgb,103_face_rgb.mp4,check_eyes_open,FAIL,"frame=72 eye(s) closed (L=0.36, R=0.37 <= 0.37)",72,72
103,face_rgb,103_face_rgb.mp4,check_face_blur,PASS,frame=72 blur variance=369.4 >= 90,72,72
103,face_rgb,103_face_rgb.mp4,check_brightness,PASS,frame=72 brightness=154 status=normal,72,72
103,face_rgb,103_face_rgb.mp4,check_face_detected,PASS,frame=84 face ok,84,84
103,face_rgb,103_face_rgb.mp4,check_face_size,PASS,frame=84 face=506x615 >= 180x180,84,84
103,face_rgb,103_face_rgb.mp4,check_head_fully,PASS,frame=84 Head is fully visible,84,84
103,face_rgb,103_face_rgb.mp4,check_eyes_open,PASS,"frame=84 eyes open (L=0.37, R=0.37 > 0.37)",84,84
103,face_rgb,103_face_rgb.mp4,check_face_blur,PASS,frame=84 blur variance=376.0 >= 90,84,84
103,face_rgb,103_face_rgb.mp4,check_brightness,PASS,frame=84 brightness=155 status=normal,84,84
103,face_rgb,103_face_rgb.mp4,check_face_detected,PASS,frame=96 face ok,96,96
103,face_rgb,103_face_rgb.mp4,check_face_size,PASS,frame=96 face=508x615 >= 180x180,96,96
103,face_rgb,103_face_rgb.mp4,check_head_fully,PASS,frame=96 Head is fully visible,96,96
103,face_rgb,103_face_rgb.mp4,check_eyes_open,FAIL,"frame=96 eye(s) closed (L=0.38, R=0.37 <= 0.37)",96,96
103,face_rgb,103_face_rgb.mp4,check_face_blur,PASS,frame=96 blur variance=372.3 >= 90,96,96
103,face_rgb,103_face_rgb.mp4,check_brightness,PASS,frame=96 brightness=153 status=normal,96,96
103,face_rgb,103_face_rgb.mp4,check_face_detected,PASS,frame=108 face ok,108,108
103,face_rgb,103_face_rgb.mp4,check_face_size,PASS,frame=108 face=506x616 >= 180x180,108,108
103,face_rgb,103_face_rgb.mp4,check_head_fully,PASS,frame=108 Head is fully visible,108,108
103,face_rgb,103_face_rgb.mp4,check_eyes_open,PASS,"frame=108 eyes open (L=0.37, R=0.38 > 0.37)",108,108
103,face_rgb,103_face_rgb.mp4,check_face_blur,PASS,frame=108 blur variance=395.0 >= 90,108,108
103,face_rgb,103_face_rgb.mp4,check_brightness,PASS,frame=108 brightness=154 status=normal,108,108
103,face_rgb,103_face_rgb.mp4,check_face_detected,PASS,frame=120 face ok,120,120
103,face_rgb,103_face_rgb.mp4,check_face_size,PASS,frame=120 face=509x618 >= 180x180,120,120
103,face_rgb,103_face_rgb.mp4,check_head_fully,PASS,frame=120 Head is fully visible,120,120
103,face_rgb,103_face_rgb.mp4,check_eyes_open,FAIL,"frame=120 eye(s) closed (L=0.37, R=0.37 <= 0.37)",120,120
103,face_rgb,103_face_rgb.mp4,check_face_blur,PASS,frame=120 blur variance=425.7 >= 90,120,120
103,face_rgb,103_face_rgb.mp4,check_brightness,PASS,frame=120 brightness=154 status=normal,120,120
103,face_rgb,103_face_rgb.mp4,check_face_detected,PASS,frame=132 face ok,132,132
103,face_rgb,103_face_rgb.mp4,check_face_size,PASS,frame=132 face=510x618 >= 180x180,132,132
103,face_rgb,103_face_rgb.mp4,check_head_fully,PASS,frame=132 Head is fully visible,132,132
103,face_rgb,103_face_rgb.mp4,check_eyes_open,PASS,"frame=132 eyes open (L=0.37, R=0.38 > 0.37)",132,132
103,face_rgb,103_face_rgb.mp4,check_face_blur,PASS,frame=132 blur variance=399.1 >= 90,132,132
103,face_rgb,103_face_rgb.mp4,check_brightness,PASS,frame=132 brightness=155 status=normal,132,132
103,face_rgb,103_face_rgb.mp4,check_face_detected,PASS,frame=144 face ok,144,144
103,face_rgb,103_face_rgb.mp4,check_face_size,PASS,frame=144 face=508x617 >= 180x180,144,144
103,face_rgb,103_face_rgb.mp4,check_head_fully,PASS,frame=144 Head is fully visible,144,144
103,face_rgb,103_face_rgb.mp4,check_eyes_open,PASS,"frame=144 eyes open (L=0.37, R=0.37 > 0.37)",144,144
103,face_rgb,103_face_rgb.mp4,check_face_blur,PASS,frame=144 blur variance=407.9 >= 90,144,144
103,face_rgb,103_face_rgb.mp4,check_brightness,PASS,frame=144 brightness=155 status=normal,144,144
103,face_rgb,103_face_rgb.mp4,check_face_detected,PASS,frame=156 face ok,156,156
103,face_rgb,103_face_rgb.mp4,check_face_size,PASS,frame=156 face=508x617 >= 180x180,156,156
103,face_rgb,103_face_rgb.mp4,check_head_fully,PASS,frame=156 Head is fully visible,156,156
103,face_rgb,103_face_rgb.mp4,check_eyes_open,FAIL,"frame=156 eye(s) closed (L=0.37, R=0.38 <= 0.37)",156,156
103,face_rgb,103_face_rgb.mp4,check_face_blur,PASS,frame=156 blur variance=392.0 >= 90,156,156
103,face_rgb,103_face_rgb.mp4,check_brightness,PASS,frame=156 brightness=154 status=normal,156,156
103,face_rgb,103_face_rgb.mp4,check_face_detected,PASS,frame=168 face ok,168,168
103,face_rgb,103_face_rgb.mp4,check_face_size,PASS,frame=168 face=507x614 >= 180x180,168,168
103,face_rgb,103_face_rgb.mp4,check_head_fully,PASS,frame=168 Head is fully visible,168,168
103,face_rgb,103_face_rgb.mp4,check_eyes_open,FAIL,"frame=168 eye(s) closed (L=0.37, R=0.38 <= 0.37)",168,168
103,face_rgb,103_face_rgb.mp4,check_face_blur,PASS,frame=168 blur variance=409.0 >= 90,168,168
103,face_rgb,103_face_rgb.mp4,check_brightness,PASS,frame=168 brightness=154 status=normal,168,168
103,face_rgb,103_face_rgb.mp4,check_face_detected,PASS,frame=180 face ok,180,180
103,face_rgb,103_face_rgb.mp4,check_face_size,PASS,frame=180 face=507x615 >= 180x180,180,180
103,face_rgb,103_face_rgb.mp4,check_head_fully,PASS,frame=180 Head is fully visible,180,180
103,face_rgb,103_face_rgb.mp4,check_eyes_open,FAIL,"frame=180 eye(s) closed (L=0.37, R=0.38 <= 0.37)",180,180
103,face_rgb,103_face_rgb.mp4,check_face_blur,PASS,frame=180 blur variance=426.8 >= 90,180,180
103,face_rgb,103_face_rgb.mp4,check_brightness,PASS,frame=180 brightness=154 status=normal,180,180
103,face_rgb,103_face_rgb.mp4,check_face_detected,PASS,frame=192 face ok,192,192
103,face_rgb,103_face_rgb.mp4,check_face_size,PASS,frame=192 face=510x614 >= 180x180,192,192
103,face_rgb,103_face_rgb.mp4,check_head_fully,PASS,frame=192 Head is fully visible,192,192
103,face_rgb,103_face_rgb.mp4,check_eyes_open,PASS,"frame=192 eyes open (L=0.38, R=0.37 > 0.37)",192,192
103,face_rgb,103_face_rgb.mp4,check_face_blur,PASS,frame=192 blur variance=434.1 >= 90,192,192
103,face_rgb,103_face_rgb.mp4,check_brightness,PASS,frame=192 brightness=153 status=normal,192,192
103,face_rgb,103_face_rgb.mp4,check_face_detected,PASS,frame=204 face ok,204,204
103,face_rgb,103_face_rgb.mp4,check_face_size,PASS,frame=204 face=510x614 >= 180x180,204,204
103,face_rgb,103_face_rgb.mp4,check_head_fully,PASS,frame=204 Head is fully visible,204,204
103,face_rgb,103_face_rgb.mp4,check_eyes_open,PASS,"frame=204 eyes open (L=0.37, R=0.38 > 0.37)",204,204
103,face_rgb,103_face_rgb.mp4,check_face_blur,PASS,frame=204 blur variance=452.2 >= 90,204,204
103,face_rgb,103_face_rgb.mp4,check_brightness,PASS,frame=204 brightness=154 status=normal,204,204
103,face_rgb,103_face_rgb.mp4,check_face_detected,PASS,frame=216 face ok,216,216
103,face_rgb,103_face_rgb.mp4,check_face_size,PASS,frame=216 face=510x614 >= 180x180,216,216
103,face_rgb,103_face_rgb.mp4,check_head_fully,PASS,frame=216 Head is fully visible,216,216
103,face_rgb,103_face_rgb.mp4,check_eyes_open,PASS,"frame=216 eyes open (L=0.38, R=0.38 > 0.37)",216,216
103,face_rgb,103_face_rgb.mp4,check_face_blur,PASS,frame=216 blur variance=443.6 >= 90,216,216
103,face_rgb,103_face_rgb.mp4,check_brightness,PASS,frame=216 brightness=154 status=normal,216,216
103,face_rgb,103_face_rgb.mp4,check_face_detected,PASS,frame=228 face ok,228,228
103,face_rgb,103_face_rgb.mp4,check_face_size,PASS,frame=228 face=511x613 >= 180x180,228,228
103,face_rgb,103_face_rgb.mp4,check_head_fully,PASS,frame=228 Head is fully visible,228,228
103,face_rgb,103_face_rgb.mp4,check_eyes_open,PASS,"frame=228 eyes open (L=0.38, R=0.37 > 0.37)",228,228
103,face_rgb,103_face_rgb.mp4,check_face_blur,PASS,frame=228 blur variance=383.8 >= 90,228,228
103,face_rgb,103_face_rgb.mp4,check_brightness,PASS,frame=228 brightness=155 status=normal,228,228
103,face_rgb,103_face_rgb.mp4,check_face_detected,PASS,frame=240 face ok,240,240
103,face_rgb,103_face_rgb.mp4,check_face_size,PASS,frame=240 face=506x605 >= 180x180,240,240
103,face_rgb,103_face_rgb.mp4,check_head_fully,PASS,frame=240 Head is fully visible,240,240
103,face_rgb,103_face_rgb.mp4,check_eyes_open,FAIL,"frame=240 eye(s) closed (L=0.37, R=0.38 <= 0.37)",240,240
103,face_rgb,103_face_rgb.mp4,check_face_blur,PASS,frame=240 blur variance=357.9 >= 90,240,240
103,face_rgb,103_face_rgb.mp4,check_brightness,PASS,frame=240 brightness=153 status=normal,240,240
103,face_rgb,103_face_rgb.mp4,check_face_detected,PASS,frame=252 face ok,252,252
103,face_rgb,103_face_rgb.mp4,check_face_size,PASS,frame=252 face=470x552 >= 180x180,252,252
103,face_rgb,103_face_rgb.mp4,check_head_fully,PASS,frame=252 Head is fully visible,252,252
103,face_rgb,103_face_rgb.mp4,check_eyes_open,FAIL,"frame=252 eye(s) closed (L=0.33, R=0.47 <= 0.37)",252,252
103,face_rgb,103_face_rgb.mp4,check_face_blur,PASS,frame=252 blur variance=265.8 >= 90,252,252
103,face_rgb,103_face_rgb.mp4,check_brightness,PASS,frame=252 brightness=164 status=normal,252,252
103,face_rgb,103_face_rgb.mp4,check_face_detected,PASS,frame=264 face ok,264,264
103,face_rgb,103_face_rgb.mp4,check_face_size,PASS,frame=264 face=396x477 >= 180x180,264,264
103,face_rgb,103_face_rgb.mp4,check_head_fully,PASS,frame=264 Head is fully visible,264,264
103,face_rgb,103_face_rgb.mp4,check_eyes_open,PASS,"frame=264 eyes open (L=0.46, R=0.39 > 0.37)",264,264
103,face_rgb,103_face_rgb.mp4,check_face_blur,PASS,frame=264 blur variance=312.7 >= 90,264,264
103,face_rgb,103_face_rgb.mp4,check_brightness,FAIL,frame=264 brightness=174 status=backlight,264,264
103,face_rgb,103_face_rgb.mp4,check_face_detected,REVIEW,frame=276 No faces detected,276,276
103,face_rgb,103_face_rgb.mp4,check_face_detected,REVIEW,frame=288 No faces detected,288,288
103,face_rgb,103_face_rgb.mp4,check_face_detected,REVIEW,frame=300 No faces detected,300,300
103,face_rgb,103_face_rgb.mp4,check_face_detected,REVIEW,frame=312 No faces detected,312,312
103,face_rgb,103_face_rgb.mp4,check_face_detected,REVIEW,frame=324 No faces detected,324,324
103,face_rgb,103_face_rgb.mp4,check_face_detected,PASS,frame=336 face ok,336,336
103,face_rgb,103_face_rgb.mp4,check_face_size,PASS,frame=336 face=469x561 >= 180x180,336,336
103,face_rgb,103_face_rgb.mp4,check_head_fully,PASS,frame=336 Head is fully visible,336,336
103,face_rgb,103_face_rgb.mp4,check_eyes_open,FAIL,"frame=336 eye(s) closed (L=0.34, R=0.45 <= 0.37)",336,336
103,face_rgb,103_face_rgb.mp4,check_face_blur,PASS,frame=336 blur variance=279.1 >= 90,336,336
103,face_rgb,103_face_rgb.mp4,check_brightness,PASS,frame=336 brightness=157 status=normal,336,336
103,face_rgb,103_face_rgb.mp4,check_face_detected,PASS,frame=348 face ok,348,348
103,face_rgb,103_face_rgb.mp4,check_face_size,PASS,frame=348 face=511x594 >= 180x180,348,348
103,face_rgb,103_face_rgb.mp4,check_head_fully,PASS,frame=348 Head is fully visible,348,348
103,face_rgb,103_face_rgb.mp4,check_eyes_open,PASS,"frame=348 eyes open (L=0.37, R=0.38 > 0.37)",348,348
103,face_rgb,103_face_rgb.mp4,check_face_blur,PASS,frame=348 blur variance=249.6 >= 90,348,348
103,face_rgb,103_face_rgb.mp4,check_brightness,PASS,frame=348 brightness=153 status=normal,348,348
103,face_rgb,103_face_rgb.mp4,check_face_detected,PASS,frame=360 face ok,360,360
103,face_rgb,103_face_rgb.mp4,check_face_size,PASS,frame=360 face=511x619 >= 180x180,360,360
103,face_rgb,103_face_rgb.mp4,check_head_fully,PASS,frame=360 Head is fully visible,360,360
103,face_rgb,103_face_rgb.mp4,check_eyes_open,FAIL,"frame=360 eye(s) closed (L=0.37, R=0.38 <= 0.37)",360,360
103,face_rgb,103_face_rgb.mp4,check_face_blur,PASS,frame=360 blur variance=329.4 >= 90,360,360
103,face_rgb,103_face_rgb.mp4,check_brightness,PASS,frame=360 brightness=152 status=normal,360,360
103,face_rgb,103_face_rgb.mp4,check_face_detected,PASS,frame=372 face ok,372,372
103,face_rgb,103_face_rgb.mp4,check_face_size,PASS,frame=372 face=517x618 >= 180x180,372,372
103,face_rgb,103_face_rgb.mp4,check_head_fully,PASS,frame=372 Head is fully visible,372,372
103,face_rgb,103_face_rgb.mp4,check_eyes_open,FAIL,"frame=372 eye(s) closed (L=0.38, R=0.36 <= 0.37)",372,372
103,face_rgb,103_face_rgb.mp4,check_face_blur,PASS,frame=372 blur variance=342.8 >= 90,372,372
103,face_rgb,103_face_rgb.mp4,check_brightness,PASS,frame=372 brightness=152 status=normal,372,372
103,face_rgb,103_face_rgb.mp4,check_face_detected,PASS,frame=384 face ok,384,384
103,face_rgb,103_face_rgb.mp4,check_face_size,PASS,frame=384 face=519x629 >= 180x180,384,384
103,face_rgb,103_face_rgb.mp4,check_head_fully,PASS,frame=384 Head is fully visible,384,384
103,face_rgb,103_face_rgb.mp4,check_eyes_open,PASS,"frame=384 eyes open (L=0.38, R=0.37 > 0.37)",384,384
103,face_rgb,103_face_rgb.mp4,check_face_blur,PASS,frame=384 blur variance=347.7 >= 90,384,384
103,face_rgb,103_face_rgb.mp4,check_brightness,PASS,frame=384 brightness=153 status=normal,384,384
103,face_rgb,103_face_rgb.mp4,check_face_detected,PASS,frame=396 face ok,396,396
103,face_rgb,103_face_rgb.mp4,check_face_size,PASS,frame=396 face=520x628 >= 180x180,396,396
103,face_rgb,103_face_rgb.mp4,check_head_fully,PASS,frame=396 Head is fully visible,396,396
103,face_rgb,103_face_rgb.mp4,check_eyes_open,FAIL,"frame=396 eye(s) closed (L=0.38, R=0.37 <= 0.37)",396,396
103,face_rgb,103_face_rgb.mp4,check_face_blur,PASS,frame=396 blur variance=317.9 >= 90,396,396
103,face_rgb,103_face_rgb.mp4,check_brightness,PASS,frame=396 brightness=155 status=normal,396,396
103,face_rgb,103_face_rgb.mp4,check_face_detected,PASS,frame=408 face ok,408,408
103,face_rgb,103_face_rgb.mp4,check_face_size,PASS,frame=408 face=504x614 >= 180x180,408,408
103,face_rgb,103_face_rgb.mp4,check_head_fully,PASS,frame=408 Head is fully visible,408,408
103,face_rgb,103_face_rgb.mp4,check_eyes_open,FAIL,"frame=408 eye(s) closed (L=0.42, R=0.35 <= 0.37)",408,408
103,face_rgb,103_face_rgb.mp4,check_face_blur,PASS,frame=408 blur variance=303.9 >= 90,408,408
103,face_rgb,103_face_rgb.mp4,check_brightness,PASS,frame=408 brightness=164 status=normal,408,408
103,face_rgb,103_face_rgb.mp4,check_face_detected,PASS,frame=420 face ok,420,420
103,face_rgb,103_face_rgb.mp4,check_face_size,PASS,frame=420 face=460x537 >= 180x180,420,420
103,face_rgb,103_face_rgb.mp4,check_head_fully,PASS,frame=420 Head is fully visible,420,420
103,face_rgb,103_face_rgb.mp4,check_eyes_open,FAIL,"frame=420 eye(s) closed (L=0.67, R=0.33 <= 0.37)",420,420
103,face_rgb,103_face_rgb.mp4,check_face_blur,PASS,frame=420 blur variance=379.1 >= 90,420,420
103,face_rgb,103_face_rgb.mp4,check_brightness,FAIL,frame=420 brightness=165 status=backlight,420,420
103,face_rgb,103_face_rgb.mp4,check_face_detected,REVIEW,frame=432 No faces detected,432,432
103,face_rgb,103_face_rgb.mp4,check_face_detected,REVIEW,frame=444 No faces detected,444,444
103,face_rgb,103_face_rgb.mp4,check_face_detected,REVIEW,frame=456 No faces detected,456,456
103,face_rgb,103_face_rgb.mp4,check_face_detected,REVIEW,frame=468 No faces detected,468,468
103,face_rgb,103_face_rgb.mp4,check_face_detected,PASS,frame=480 face ok,480,480
103,face_rgb,103_face_rgb.mp4,check_face_size,PASS,frame=480 face=486x558 >= 180x180,480,480
103,face_rgb,103_face_rgb.mp4,check_head_fully,PASS,frame=480 Head is fully visible,480,480
103,face_rgb,103_face_rgb.mp4,check_eyes_open,FAIL,"frame=480 eye(s) closed (L=0.59, R=0.34 <= 0.37)",480,480
103,face_rgb,103_face_rgb.mp4,check_face_blur,PASS,frame=480 blur variance=459.0 >= 90,480,480
103,face_rgb,103_face_rgb.mp4,check_brightness,PASS,frame=480 brightness=156 status=normal,480,480
103,face_rgb,103_face_rgb.mp4,check_face_detected,PASS,frame=492 face ok,492,492
103,face_rgb,103_face_rgb.mp4,check_face_size,PASS,frame=492 face=535x648 >= 180x180,492,492
103,face_rgb,103_face_rgb.mp4,check_head_fully,PASS,frame=492 Head is fully visible,492,492
103,face_rgb,103_face_rgb.mp4,check_eyes_open,FAIL,"frame=492 eye(s) closed (L=0.38, R=0.37 <= 0.37)",492,492
103,face_rgb,103_face_rgb.mp4,check_face_blur,PASS,frame=492 blur variance=232.4 >= 90,492,492
103,face_rgb,103_face_rgb.mp4,check_brightness,PASS,frame=492 brightness=161 status=normal,492,492
103,face_rgb,103_face_rgb.mp4,check_face_detected,PASS,frame=504 face ok,504,504
103,face_rgb,103_face_rgb.mp4,check_face_size,PASS,frame=504 face=531x631 >= 180x180,504,504
103,face_rgb,103_face_rgb.mp4,check_head_fully,PASS,frame=504 Head is fully visible,504,504
103,face_rgb,103_face_rgb.mp4,check_eyes_open,FAIL,"frame=504 eye(s) closed (L=0.37, R=0.38 <= 0.37)",504,504
103,face_rgb,103_face_rgb.mp4,check_face_blur,PASS,frame=504 blur variance=334.8 >= 90,504,504
103,face_rgb,103_face_rgb.mp4,check_brightness,PASS,frame=504 brightness=161 status=normal,504,504
103,face_rgb,103_face_rgb.mp4,check_face_detected,PASS,frame=516 face ok,516,516
103,face_rgb,103_face_rgb.mp4,check_face_size,PASS,frame=516 face=525x617 >= 180x180,516,516
103,face_rgb,103_face_rgb.mp4,check_head_fully,PASS,frame=516 Head is fully visible,516,516
103,face_rgb,103_face_rgb.mp4,check_eyes_open,PASS,"frame=516 eyes open (L=0.37, R=0.38 > 0.37)",516,516
103,face_rgb,103_face_rgb.mp4,check_face_blur,PASS,frame=516 blur variance=324.7 >= 90,516,516
103,face_rgb,103_face_rgb.mp4,check_brightness,PASS,frame=516 brightness=158 status=normal,516,516
103,face_rgb,103_face_rgb.mp4,check_face_detected,PASS,frame=528 face ok,528,528
103,face_rgb,103_face_rgb.mp4,check_face_size,PASS,frame=528 face=520x617 >= 180x180,528,528
103,face_rgb,103_face_rgb.mp4,check_head_fully,PASS,frame=528 Head is fully visible,528,528
103,face_rgb,103_face_rgb.mp4,check_eyes_open,PASS,"frame=528 eyes open (L=0.38, R=0.38 > 0.37)",528,528
103,face_rgb,103_face_rgb.mp4,check_face_blur,PASS,frame=528 blur variance=325.4 >= 90,528,528
103,face_rgb,103_face_rgb.mp4,check_brightness,PASS,frame=528 brightness=157 status=normal,528,528
103,face_rgb,103_face_rgb.mp4,check_face_detected,PASS,frame=540 face ok,540,540
103,face_rgb,103_face_rgb.mp4,check_face_size,PASS,frame=540 face=517x603 >= 180x180,540,540
103,face_rgb,103_face_rgb.mp4,check_head_fully,PASS,frame=540 Head is fully visible,540,540
103,face_rgb,103_face_rgb.mp4,check_eyes_open,PASS,"frame=540 eyes open (L=0.37, R=0.39 > 0.37)",540,540
103,face_rgb,103_face_rgb.mp4,check_face_blur,PASS,frame=540 blur variance=370.9 >= 90,540,540
103,face_rgb,103_face_rgb.mp4,check_brightness,PASS,frame=540 brightness=156 status=normal,540,540
103,face_rgb,103_face_rgb.mp4,check_face_detected,PASS,frame=552 face ok,552,552
103,face_rgb,103_face_rgb.mp4,check_face_size,PASS,frame=552 face=496x568 >= 180x180,552,552
103,face_rgb,103_face_rgb.mp4,check_head_fully,PASS,frame=552 Head is fully visible,552,552
103,face_rgb,103_face_rgb.mp4,check_eyes_open,PASS,"frame=552 eyes open (L=0.38, R=0.40 > 0.37)",552,552
103,face_rgb,103_face_rgb.mp4,check_face_blur,PASS,frame=552 blur variance=290.8 >= 90,552,552
103,face_rgb,103_face_rgb.mp4,check_brightness,PASS,frame=552 brightness=164 status=normal,552,552
103,face_rgb,103_face_rgb.mp4,check_face_detected,PASS,frame=564 face ok,564,564
103,face_rgb,103_face_rgb.mp4,check_face_size,PASS,frame=564 face=458x423 >= 180x180,564,564
103,face_rgb,103_face_rgb.mp4,check_head_fully,PASS,frame=564 Head is fully visible,564,564
103,face_rgb,103_face_rgb.mp4,check_eyes_open,FAIL,"frame=564 eye(s) closed (L=0.34, R=0.36 <= 0.37)",564,564
103,face_rgb,103_face_rgb.mp4,check_face_blur,FAIL,frame=564 blur variance=74.9 < 90,564,564
103,face_rgb,103_face_rgb.mp4,check_brightness,FAIL,frame=564 brightness=184 status=backlight,564,564
103,face_rgb,103_face_rgb.mp4,check_face_detected,PASS,frame=576 face ok,576,576
103,face_rgb,103_face_rgb.mp4,check_face_size,PASS,frame=576 face=338x329 >= 180x180,576,576
103,face_rgb,103_face_rgb.mp4,check_head_fully,PASS,frame=576 Head is fully visible,576,576
103,face_rgb,103_face_rgb.mp4,check_eyes_open,FAIL,"frame=576 eye(s) closed (L=0.40, R=0.35 <= 0.37)",576,576
103,face_rgb,103_face_rgb.mp4,check_face_blur,FAIL,frame=576 No face detected,576,576
103,face_rgb,103_face_rgb.mp4,check_brightness,FAIL,frame=576 no_face,576,576
103,face_rgb,103_face_rgb.mp4,check_face_detected,PASS,frame=588 face ok,588,588
103,face_rgb,103_face_rgb.mp4,check_face_size,PASS,frame=588 face=283x312 >= 180x180,588,588
103,face_rgb,103_face_rgb.mp4,check_head_fully,PASS,frame=588 Head is fully visible,588,588
103,face_rgb,103_face_rgb.mp4,check_eyes_open,PASS,"frame=588 eyes open (L=0.43, R=0.37 > 0.37)",588,588
103,face_rgb,103_face_rgb.mp4,check_face_blur,FAIL,frame=588 No face detected,588,588
103,face_rgb,103_face_rgb.mp4,check_brightness,FAIL,frame=588 no_face,588,588
103,face_rgb,103_face_rgb.mp4,check_face_detected,PASS,frame=600 face ok,600,600
103,face_rgb,103_face_rgb.mp4,check_face_size,PASS,frame=600 face=327x317 >= 180x180,600,600
103,face_rgb,103_face_rgb.mp4,check_head_fully,PASS,frame=600 Head is fully visible,600,600
103,face_rgb,103_face_rgb.mp4,check_eyes_open,FAIL,"frame=600 eye(s) closed (L=0.36, R=0.35 <= 0.37)",600,600
103,face_rgb,103_face_rgb.mp4,check_face_blur,FAIL,frame=600 No face detected,600,600
103,face_rgb,103_face_rgb.mp4,check_brightness,FAIL,frame=600 no_face,600,600
103,face_rgb,103_face_rgb.mp4,check_face_detected,PASS,frame=612 face ok,612,612
103,face_rgb,103_face_rgb.mp4,check_face_size,PASS,frame=612 face=297x315 >= 180x180,612,612
103,face_rgb,103_face_rgb.mp4,check_head_fully,PASS,frame=612 Head is fully visible,612,612
103,face_rgb,103_face_rgb.mp4,check_eyes_open,FAIL,"frame=612 eye(s) closed (L=0.40, R=0.37 <= 0.37)",612,612
103,face_rgb,103_face_rgb.mp4,check_face_blur,FAIL,frame=612 No face detected,612,612
103,face_rgb,103_face_rgb.mp4,check_brightness,FAIL,frame=612 no_face,612,612
103,face_rgb,103_face_rgb.mp4,check_face_detected,PASS,frame=624 face ok,624,624
103,face_rgb,103_face_rgb.mp4,check_face_size,PASS,frame=624 face=436x402 >= 180x180,624,624
103,face_rgb,103_face_rgb.mp4,check_head_fully,PASS,frame=624 Head is fully visible,624,624
103,face_rgb,103_face_rgb.mp4,check_eyes_open,FAIL,"frame=624 eye(s) closed (L=0.36, R=0.37 <= 0.37)",624,624
103,face_rgb,103_face_rgb.mp4,check_face_blur,FAIL,frame=624 No face detected,624,624
103,face_rgb,103_face_rgb.mp4,check_brightness,FAIL,frame=624 no_face,624,624
103,face_rgb,103_face_rgb.mp4,check_face_detected,PASS,frame=636 face ok,636,636
103,face_rgb,103_face_rgb.mp4,check_face_size,PASS,frame=636 face=475x507 >= 180x180,636,636
103,face_rgb,103_face_rgb.mp4,check_head_fully,PASS,frame=636 Head is fully visible,636,636
103,face_rgb,103_face_rgb.mp4,check_eyes_open,PASS,"frame=636 eyes open (L=0.37, R=0.38 > 0.37)",636,636
103,face_rgb,103_face_rgb.mp4,check_face_blur,FAIL,frame=636 blur variance=81.4 < 90,636,636
103,face_rgb,103_face_rgb.mp4,check_brightness,PASS,frame=636 brightness=151 status=normal,636,636
103,face_rgb,103_face_rgb.mp4,check_face_detected,PASS,frame=648 face ok,648,648
103,face_rgb,103_face_rgb.mp4,check_face_size,PASS,frame=648 face=505x592 >= 180x180,648,648
103,face_rgb,103_face_rgb.mp4,check_head_fully,PASS,frame=648 Head is fully visible,648,648
103,face_rgb,103_face_rgb.mp4,check_eyes_open,PASS,"frame=648 eyes open (L=0.38, R=0.37 > 0.37)",648,648
103,face_rgb,103_face_rgb.mp4,check_face_blur,PASS,frame=648 blur variance=273.5 >= 90,648,648
103,face_rgb,103_face_rgb.mp4,check_brightness,PASS,frame=648 brightness=138 status=normal,648,648
103,face_rgb,103_face_rgb.mp4,check_face_detected,PASS,frame=660 face ok,660,660
103,face_rgb,103_face_rgb.mp4,check_face_size,PASS,frame=660 face=518x613 >= 180x180,660,660
103,face_rgb,103_face_rgb.mp4,check_head_fully,PASS,frame=660 Head is fully visible,660,660
103,face_rgb,103_face_rgb.mp4,check_eyes_open,PASS,"frame=660 eyes open (L=0.38, R=0.38 > 0.37)",660,660
103,face_rgb,103_face_rgb.mp4,check_face_blur,PASS,frame=660 blur variance=290.2 >= 90,660,660
103,face_rgb,103_face_rgb.mp4,check_brightness,PASS,frame=660 brightness=139 status=normal,660,660
103,face_rgb,103_face_rgb.mp4,check_face_detected,PASS,frame=672 face ok,672,672
103,face_rgb,103_face_rgb.mp4,check_face_size,PASS,frame=672 face=521x625 >= 180x180,672,672
103,face_rgb,103_face_rgb.mp4,check_head_fully,PASS,frame=672 Head is fully visible,672,672
103,face_rgb,103_face_rgb.mp4,check_eyes_open,FAIL,"frame=672 eye(s) closed (L=0.36, R=0.36 <= 0.37)",672,672
103,face_rgb,103_face_rgb.mp4,check_face_blur,PASS,frame=672 blur variance=313.9 >= 90,672,672
103,face_rgb,103_face_rgb.mp4,check_brightness,PASS,frame=672 brightness=142 status=normal,672,672
103,face_rgb,103_face_rgb.mp4,check_face_detected,PASS,frame=684 face ok,684,684
103,face_rgb,103_face_rgb.mp4,check_face_size,PASS,frame=684 face=522x620 >= 180x180,684,684
103,face_rgb,103_face_rgb.mp4,check_head_fully,PASS,frame=684 Head is fully visible,684,684
103,face_rgb,103_face_rgb.mp4,check_eyes_open,PASS,"frame=684 eyes open (L=0.38, R=0.37 > 0.37)",684,684
103,face_rgb,103_face_rgb.mp4,check_face_blur,PASS,frame=684 blur variance=290.8 >= 90,684,684
103,face_rgb,103_face_rgb.mp4,check_brightness,PASS,frame=684 brightness=144 status=normal,684,684
103,face_rgb,103_face_rgb.mp4,check_face_detected,PASS,frame=696 face ok,696,696
103,face_rgb,103_face_rgb.mp4,check_face_size,PASS,frame=696 face=530x642 >= 180x180,696,696
103,face_rgb,103_face_rgb.mp4,check_head_fully,PASS,frame=696 Head is fully visible,696,696
103,face_rgb,103_face_rgb.mp4,check_eyes_open,FAIL,"frame=696 eye(s) closed (L=0.37, R=0.37 <= 0.37)",696,696
103,face_rgb,103_face_rgb.mp4,check_face_blur,PASS,frame=696 blur variance=221.6 >= 90,696,696
103,face_rgb,103_face_rgb.mp4,check_brightness,PASS,frame=696 brightness=141 status=normal,696,696
103,face_rgb,103_face_rgb.mp4,check_face_detected,PASS,frame=708 face ok,708,708
103,face_rgb,103_face_rgb.mp4,check_face_size,PASS,frame=708 face=543x615 >= 180x180,708,708
103,face_rgb,103_face_rgb.mp4,check_head_fully,PASS,frame=708 Head is fully visible,708,708
103,face_rgb,103_face_rgb.mp4,check_eyes_open,FAIL,"frame=708 eye(s) closed (L=0.37, R=0.38 <= 0.37)",708,708
103,face_rgb,103_face_rgb.mp4,check_face_blur,PASS,frame=708 blur variance=250.7 >= 90,708,708
103,face_rgb,103_face_rgb.mp4,check_brightness,PASS,frame=708 brightness=126 status=normal,708,708
103,face_rgb,103_face_rgb.mp4,check_face_detected,PASS,frame=720 face ok,720,720
103,face_rgb,103_face_rgb.mp4,check_face_size,PASS,frame=720 face=583x540 >= 180x180,720,720
103,face_rgb,103_face_rgb.mp4,check_head_fully,FAIL,frame=720 Chin might be cut,720,720
103,face_rgb,103_face_rgb.mp4,check_eyes_open,PASS,"frame=720 eyes open (L=0.37, R=0.38 > 0.37)",720,720
103,face_rgb,103_face_rgb.mp4,check_face_blur,PASS,frame=720 blur variance=288.3 >= 90,720,720
103,face_rgb,103_face_rgb.mp4,check_brightness,FAIL,frame=720 brightness=118 status=backlight,720,720
103,face_rgb,103_face_rgb.mp4,check_face_detected,PASS,frame=732 face ok,732,732
103,face_rgb,103_face_rgb.mp4,check_face_size,PASS,frame=732 face=596x530 >= 180x180,732,732
103,face_rgb,103_face_rgb.mp4,check_head_fully,FAIL,frame=732 Chin might be cut,732,732
103,face_rgb,103_face_rgb.mp4,check_eyes_open,PASS,"frame=732 eyes open (L=0.37, R=0.38 > 0.37)",732,732
103,face_rgb,103_face_rgb.mp4,check_face_blur,PASS,frame=732 blur variance=253.2 >= 90,732,732
103,face_rgb,103_face_rgb.mp4,check_brightness,FAIL,frame=732 brightness=122 status=backlight,732,732
103,face_rgb,103_face_rgb.mp4,check_face_detected,PASS,frame=744 face ok,744,744
103,face_rgb,103_face_rgb.mp4,check_face_size,PASS,frame=744 face=590x535 >= 180x180,744,744
103,face_rgb,103_face_rgb.mp4,check_head_fully,FAIL,frame=744 Chin might be cut,744,744
103,face_rgb,103_face_rgb.mp4,check_eyes_open,PASS,"frame=744 eyes open (L=0.38, R=0.39 > 0.37)",744,744
103,face_rgb,103_face_rgb.mp4,check_face_blur,PASS,frame=744 blur variance=226.7 >= 90,744,744
103,face_rgb,103_face_rgb.mp4,check_brightness,PASS,frame=744 brightness=127 status=normal,744,744
103,face_rgb,103_face_rgb.mp4,check_face_detected,PASS,frame=756 face ok,756,756
103,face_rgb,103_face_rgb.mp4,check_face_size,PASS,frame=756 face=588x538 >= 180x180,756,756
103,face_rgb,103_face_rgb.mp4,check_head_fully,FAIL,frame=756 Chin might be cut,756,756
103,face_rgb,103_face_rgb.mp4,check_eyes_open,PASS,"frame=756 eyes open (L=0.37, R=0.38 > 0.37)",756,756
103,face_rgb,103_face_rgb.mp4,check_face_blur,PASS,frame=756 blur variance=279.6 >= 90,756,756
103,face_rgb,103_face_rgb.mp4,check_brightness,FAIL,frame=756 brightness=127 status=backlight,756,756
103,face_rgb,103_face_rgb.mp4,check_face_detected,PASS,frame=768 face ok,768,768
103,face_rgb,103_face_rgb.mp4,check_face_size,PASS,frame=768 face=594x548 >= 180x180,768,768
103,face_rgb,103_face_rgb.mp4,check_head_fully,FAIL,frame=768 Chin might be cut,768,768
103,face_rgb,103_face_rgb.mp4,check_eyes_open,PASS,"frame=768 eyes open (L=0.37, R=0.39 > 0.37)",768,768
103,face_rgb,103_face_rgb.mp4,check_face_blur,PASS,frame=768 blur variance=279.4 >= 90,768,768
103,face_rgb,103_face_rgb.mp4,check_brightness,FAIL,frame=768 brightness=127 status=backlight,768,768
103,face_rgb,103_face_rgb.mp4,check_face_detected,PASS,frame=780 face ok,780,780
103,face_rgb,103_face_rgb.mp4,check_face_size,PASS,frame=780 face=566x631 >= 180x180,780,780
103,face_rgb,103_face_rgb.mp4,check_head_fully,PASS,frame=780 Head is fully visible,780,780
103,face_rgb,103_face_rgb.mp4,check_eyes_open,PASS,"frame=780 eyes open (L=0.38, R=0.38 > 0.37)",780,780
103,face_rgb,103_face_rgb.mp4,check_face_blur,PASS,frame=780 blur variance=236.5 >= 90,780,780
103,face_rgb,103_face_rgb.mp4,check_brightness,PASS,frame=780 brightness=143 status=normal,780,780
103,face_rgb,103_face_rgb.mp4,check_face_detected,PASS,frame=792 face ok,792,792
103,face_rgb,103_face_rgb.mp4,check_face_size,PASS,frame=792 face=547x675 >= 180x180,792,792
103,face_rgb,103_face_rgb.mp4,check_head_fully,PASS,frame=792 Head is fully visible,792,792
103,face_rgb,103_face_rgb.mp4,check_eyes_open,FAIL,"frame=792 eye(s) closed (L=0.37, R=0.37 <= 0.37)",792,792
103,face_rgb,103_face_rgb.mp4,check_face_blur,PASS,frame=792 blur variance=212.2 >= 90,792,792
103,face_rgb,103_face_rgb.mp4,check_brightness,PASS,frame=792 brightness=161 status=normal,792,792
103,face_rgb,103_face_rgb.mp4,check_face_detected,PASS,frame=804 face ok,804,804
103,face_rgb,103_face_rgb.mp4,check_face_size,PASS,frame=804 face=506x573 >= 180x180,804,804
103,face_rgb,103_face_rgb.mp4,check_head_fully,PASS,frame=804 Head is fully visible,804,804
103,face_rgb,103_face_rgb.mp4,check_eyes_open,PASS,"frame=804 eyes open (L=0.38, R=0.37 > 0.37)",804,804
103,face_rgb,103_face_rgb.mp4,check_face_blur,PASS,frame=804 blur variance=223.5 >= 90,804,804
103,face_rgb,103_face_rgb.mp4,check_brightness,PASS,frame=804 brightness=168 status=normal,804,804
103,face_rgb,103_face_rgb.mp4,check_face_detected,PASS,frame=816 face ok,816,816
103,face_rgb,103_face_rgb.mp4,check_face_size,PASS,frame=816 face=495x547 >= 180x180,816,816
103,face_rgb,103_face_rgb.mp4,check_head_fully,PASS,frame=816 Head is fully visible,816,816
103,face_rgb,103_face_rgb.mp4,check_eyes_open,PASS,"frame=816 eyes open (L=0.38, R=0.38 > 0.37)",816,816
103,face_rgb,103_face_rgb.mp4,check_face_blur,PASS,frame=816 blur variance=223.0 >= 90,816,816
103,face_rgb,103_face_rgb.mp4,check_brightness,PASS,frame=816 brightness=167 status=normal,816,816
103,face_rgb,103_face_rgb.mp4,check_face_detected,PASS,frame=828 face ok,828,828
103,face_rgb,103_face_rgb.mp4,check_face_size,PASS,frame=828 face=495x545 >= 180x180,828,828
103,face_rgb,103_face_rgb.mp4,check_head_fully,PASS,frame=828 Head is fully visible,828,828
103,face_rgb,103_face_rgb.mp4,check_eyes_open,PASS,"frame=828 eyes open (L=0.37, R=0.37 > 0.37)",828,828
103,face_rgb,103_face_rgb.mp4,check_face_blur,PASS,frame=828 blur variance=237.5 >= 90,828,828
103,face_rgb,103_face_rgb.mp4,check_brightness,PASS,frame=828 brightness=163 status=normal,828,828
103,face_rgb,103_face_rgb.mp4,check_face_detected,PASS,frame=840 face ok,840,840
103,face_rgb,103_face_rgb.mp4,check_face_size,PASS,frame=840 face=494x536 >= 180x180,840,840
103,face_rgb,103_face_rgb.mp4,check_head_fully,PASS,frame=840 Head is fully visible,840,840
103,face_rgb,103_face_rgb.mp4,check_eyes_open,PASS,"frame=840 eyes open (L=0.37, R=0.38 > 0.37)",840,840
103,face_rgb,103_face_rgb.mp4,check_face_blur,PASS,frame=840 blur variance=240.8 >= 90,840,840
103,face_rgb,103_face_rgb.mp4,check_brightness,PASS,frame=840 brightness=158 status=normal,840,840
103,face_rgb,103_face_rgb.mp4,check_face_detected,PASS,frame=852 face ok,852,852
103,face_rgb,103_face_rgb.mp4,check_face_size,PASS,frame=852 face=492x542 >= 180x180,852,852
103,face_rgb,103_face_rgb.mp4,check_head_fully,PASS,frame=852 Head is fully visible,852,852
103,face_rgb,103_face_rgb.mp4,check_eyes_open,PASS,"frame=852 eyes open (L=0.37, R=0.38 > 0.37)",852,852
103,face_rgb,103_face_rgb.mp4,check_face_blur,PASS,frame=852 blur variance=204.5 >= 90,852,852
103,face_rgb,103_face_rgb.mp4,check_brightness,PASS,frame=852 brightness=157 status=normal,852,852
103,face_rgb,103_face_rgb.mp4,check_face_detected,PASS,frame=855 face ok,855,855
103,face_rgb,103_face_rgb.mp4,check_face_size,PASS,frame=855 face=489x536 >= 180x180,855,855
103,face_rgb,103_face_rgb.mp4,check_head_fully,PASS,frame=855 Head is fully visible,855,855
103,face_rgb,103_face_rgb.mp4,check_eyes_open,PASS,"frame=855 eyes open (L=0.38, R=0.38 > 0.37)",855,855
103,face_rgb,103_face_rgb.mp4,check_face_blur,PASS,frame=855 blur variance=181.7 >= 90,855,855
103,face_rgb,103_face_rgb.mp4,check_brightness,PASS,frame=855 brightness=157 status=normal,855,855
103,face_rgb,103_face_rgb.mp4,frames_sampled,PASS,sampled 73 frames,,
103,face_rgb,103_face_rgb.mp4,check_turn_sequence_structure,REVIEW,observed: front; matches no accepted order,,
103,face_rgb,103_face_rgb.mp4,check_turn_sequence_left_hold,REVIEW,left held 8 frame(s) < 10 (too short),,
103,face_rgb,103_face_rgb.mp4,check_turn_sequence_front_hold,REVIEW,front held 5 frame(s) < 10 (too short),,
103,face_rgb,103_face_rgb.mp4,check_turn_sequence_right_hold,REVIEW,right held 7 frame(s) < 10 (too short),,
103,face_rgb,103_face_rgb.mp4,check_turn_sequence_front_hold,REVIEW,front held 4 frame(s) < 10 (too short),,
103,face_rgb,103_face_rgb.mp4,check_turn_sequence_up_hold,REVIEW,up held 9 frame(s) < 10 (too short),,
103,face_rgb,103_face_rgb.mp4,check_turn_sequence_front_hold,REVIEW,front held 4 frame(s) < 10 (too short),,
103,face_rgb,103_face_rgb.mp4,check_turn_sequence_down_hold,REVIEW,down held 7 frame(s) < 10 (too short),,
103,face_rgb,103_face_rgb.mp4,check_turn_sequence_front_hold,REVIEW,front held 1 frame(s) < 10 (too short),,
103,face_rgb,103_face_rgb.mp4,check_turn_sequence_up_hold,REVIEW,up held 6 frame(s) < 10 (too short),,
103,face_rgb,103_face_rgb.mp4,check_turn_sequence_left,FAIL,left: not present in segments,,
103,face_rgb,103_face_rgb.mp4,check_turn_sequence_right,FAIL,right: not present in segments,,
103,face_rgb,103_face_rgb.mp4,check_turn_sequence_down,FAIL,down: not present in segments,,
103,face_rgb,103_face_rgb.mp4,check_turn_sequence_up,FAIL,up: not present in segments,,
103,face_rgb,103_face_rgb.mp4,check_turn_sequence,FAIL,"structure mismatch; present=none; missing=['left', 'right', 'down', 'up']; short_holds=9; unconfirmed_gap=False",,
